Company Name,Website,Location,Segment,What They Make,Revenue Band,Decision-Maker,DM Title,DM Background,C1 Manufacturer,C1 Evidence,C2 India,C2 Evidence,C3 Differentiated,C3 Evidence,C4 Tech DM,C4 Evidence,C5 Tailwind,C5 Evidence,C6 Growth,C6 Evidence,Federer Score,Score Band,Verdict,Verdict Reasoning,Personalization Hook
Sapala Organics,sapalaorganics.com,"Mallapur, Hyd",Custom Synthesis,"Nucleic acid chemistry, BNA compounds",Rs.50-100Cr,Dr. Paidi Yella Reddy,Founder & CEO,"PhD in Organic Chemistry (NCL), Ex-Director Toyota R&D",Strong,18 in-house R&D labs and plant in Mallapur,Strong,Hyderabad HQ & manufacturing,Strong,"30+ patents, 40+ publications, nucleic acid pioneer",Strong,Founder is a prolific scientist-entrepreneur,Strong,"Specialty chemical innovator, China+1 beneficiary",Strong,"12% headcount growth, recent acquisition by Cohance",100,A — Strong Federer,Strong Fit,Pure-play technical manufacturer with global scientific leadership.,Your average publishing rate of 200+ publications across leading journals is a testament to the scientific rigor at Sapala.
Huwel Lifesciences,huwellifesciences.com,"Genome Valley, Hyd",Specialty Diagnostics,"RT-PCR kits for TB, Nipah, and oncology",Rs.100-300Cr,Dr. Rachana Tripathi,Founder & CEO,"PhD/Scientist led, women entrepreneur",Strong,"ISO-certified, CE/FDA-compliant facility in Hyderabad",Strong,Hyderabad-headquartered women-led enterprise,Strong,"100+ validated diagnostic products, USFDA compliant",Strong,Founder has deep expertise in molecular diagnostics,Strong,National TB Elimination Programme (NTEP) tailwind,Strong,?50Cr recent investment from Bartronics to scale,100,A — Strong Federer,Strong Fit,"High-growth, R&D-driven diagnostic leader with government alignment.",Delivering 52 million COVID-19 tests is a massive feat; your Quantiplus TB kit is clearly a game-changer for NTEP.
Orbicular Pharma,orbicular.co.in,"ALEAP, Hyd",Specialty Pharma,"Complex injectables, liposomes, peptide formulations",Rs.100-300Cr,Dr. M.S. Mohan,Founder & MD,"PhD in Pharmaceutics, Ex-CSO Strides, Ex-VP Dr. Reddy's",Strong,Advanced manufacturing unit in ALEAP Industrial Estate,Strong,Hyderabad HQ and production base,Strong,"18 US patents, focus on complex generics/specialty",Strong,Co-founded by two PhD veterans (Mohan & Hiren Patel),Strong,"Complex generics sector growing under ""China+1""",Strong,$20M recent PE funding for expansion,100,A — Strong Federer,Strong Fit,Niche technical focus on complex delivery systems with strong IP.,Having 18 US patents and a $20M expansion war-chest signals Orbicular is entering its next major growth orbit.
Alkali Metals,alkalimetals.com,"Uppal, Hyd",Specialty Chemicals,Alkali metal derivatives and cyclic compounds,Rs.50-100Cr,Y.S.R. Venkata Rao,Managing Director,"B.E. (Mechanical), second-gen entrepreneur and technocrat",Strong,In-house manufacturing of metal derivatives,Strong,"Hyderabad HQ, public listed in India",Strong,Technical moat in specialized cyclic compounds,Moderate,Led by a technocrat with decades of process engineering experience,Strong,Expanding fine chemicals sector in India,Moderate,Steady revenue of ?83.9Cr in FY25,85,A — Strong Federer,Fit,Promoter-led technocratic company with a solid process moat.,Transitioning from a manufacturer of alkali metals to a producer of specialized cyclic compounds shows a great R&D evolution.
Godi India,godiindia.com,"Genome Valley, Hyd",Performance Chemicals,Lithium-ion and Solid-state batteries,<Rs.30Cr,Mahesh Godi,Founder & CEO,"17 years in US, tech-entrepreneur focused on energy storage",Strong,Developing Giga-factory for cell manufacturing in Hyderabad,Strong,India-based indigenous battery technology leader,Strong,"25 patents in materials and cell design, BIS certified",Strong,Founder-led team of 30 scientists/PhDs,Strong,Massive EV/PLI tailwind for battery manufacturing,Strong,"$12.4M funding, 25 patents, 12.5 GWh factory expansion",100,A — Strong Federer,Strong Fit,High-priority deep-tech pioneer building a critical national capability.,Being the first Indian company to receive BIS certification for 21700 NMC811 cells is a landmark for indigenous energy.
Yapan Bio,yapanbio.com,"Genome Valley, Hyd",Specialty Biotech,Vaccines and Biologics CDMO,Rs.50-100Cr,Atin Tomar,Co-Founder & CEO,20+ years in Biopharma/Vaccines,Strong,Manufacturing facility for bio-therapeutics in Genome Valley,Strong,Hyderabad-headquartered CDMO,Strong,Specialized in recombinant proteins and vaccines,Strong,Founder-led with deep industry expertise,Strong,Global biologics shift to India (CDMO growth),Strong,"$13.4M funding, Series B stage expansion",100,A — Strong Federer,Strong Fit,Pure-play technical manufacturer in the high-growth biologics segment.,Your focus on end-to-end vaccine and biologics CDMO services in Genome Valley is a vital node for India's bio-economy.
Vivin Drugs,vivindrugs.com,"Jubilee Hills, Hyd",Custom Synthesis,APIs and specialty intermediates,Rs.100-300Cr,Anuradha B,Managing Director,PG in Biotech & Medical Microbiology,Strong,Multiple manufacturing blocks for API production,Strong,Hyderabad HQ and factory,Moderate,Expertise in ARVs and pain relief APIs,Strong,Led by a Biotech PG with 30 years of family technopreneur roots,Strong,API PLI scheme and export market tailwinds,Moderate,"Revenue of ?162Cr in FY23, 203 employees",90,A — Strong Federer,Fit,Reliable promoter-led API manufacturer with strong technical leadership.,"Your specialty in ARV and cardio APIs, coupled with a 162Cr scale, makes Vivin a formidable player in the custom synthesis space."
SSK Biosciences,sskbio.com,"Jeedimetla, Hyd",Custom Synthesis,"Cationic lipids for drug delivery, deuterated compounds",Rs.30-100Cr,S.S. Kumar,Founder,Technical promoter in chemical synthesis,Strong,Process development and optimization lab in Jeedimetla,Strong,Hyderabad HQ and operations,Strong,Specializes in lipids and cyanide reactions,Strong,Tech-led unfunded MSME,Strong,Specialized drug delivery (lipids) is a high-growth niche,Moderate,"?49.4Cr revenue in FY25, growing niche service",95,A — Strong Federer,Fit,Deep technical niche in lipid synthesis for targeted drug delivery.,Your specialized capability in synthesizing cationic lipids for targeted drug delivery is a rare and high-value technical moat.
Standard Reagents,standardreagents.com,Hyderabad,Performance Chemicals,High-purity LC/MS and GC grade solvents,Rs.30-100Cr,Srinivas Makala,Founder,Technical promoter in chemical manufacturing,Strong,ISO-certified laboratory chemicals manufacturing unit,Strong,Hyderabad HQ,Moderate,High-purity analytical reagents for research,Strong,Technical expertise in solvent purification,Moderate,Increasing R&D lab demand in India,Moderate,"135 employees, $4.9M revenue",80,A — Strong Federer,Probable Federer,Solid niche manufacturer with steady growth in high-purity chemicals.,Providing high-purity LC/MS and GC grade solvents places you as a key enabler for the entire Indian R&D ecosystem.
Fortune Bio-Tech,fortunebiotech.com,"Balanagar, Hyd",Specialty Biotech,Neem-based biopesticides and organic farming,Rs.50-100Cr,Manoj Kumar Jain,Director,Technical leadership in botanical products,Strong,"Plant in CIE Balanagar, Hyderabad",Strong,Hyderabad-headquartered public MSME,Strong,Pioneer in neem-based biopesticides,Moderate,Managed by technical directors,Strong,Export demand for organic agricultural inputs,Moderate,?74.4Cr revenue in FY25,85,A — Strong Federer,Fit,"Established player in a growing specialty ""green"" biotech sector.",Your 30-year legacy in building Fortune Biotech into a leader in neem-based bio-pesticides is a great example of organic innovation.
Varsha Bioscience,varshabioscience.com,Hyderabad,Specialty Biotech,Bio-fungicides and bio-nematicides,<Rs.30Cr,A.V. Reddy,Founder,Technical background in agri-biotech,Strong,In-house R&D unit and production facility,Strong,Hyderabad HQ,Strong,"1600+ competitors, focus on no-toxic residue",Strong,Technical leadership in biocontrol agents,Strong,Sustainable agriculture and bio-pesticide growth,Moderate,"?15.1Cr revenue in FY25, active hiring",95,A — Strong Federer,Probable Federer,Strong technical differentiator in a niche sustainable biotech segment.,"Your focus on ""leaving no toxic residue in the soil"" with bio-nematicides is exactly where the future of global agri-tech is headed."
D-NOME,dnome.in,Hyderabad,Specialty Diagnostics,Room-temperature LAMP technology for molecular tests,<Rs.30Cr,Divya S & Sujoy D,Co-Founders,Genomics and Cancer Molecular Biology experts,Moderate,Developing R&D to launch product,Strong,Hyderabad-based deep-tech startup,Strong,Patent-pending D-LAMP isothermal amplification,Strong,Both co-founders are industry experts in NGS and diagnostics,Strong,Democratization of molecular diagnostics,Strong,"Raised ?12.2Cr Seed funding, international awards",95,A — Strong Federer,Strong Fit,High-potential deep-tech disrupter with exceptional technical pedigree.,Your D-LAMP technology's ability to conduct molecular tests in 30 minutes without expensive machines is a massive diagnostic breakthrough.
Brilliant Bio Pharma,bbpl.co.in,"Khairatabad, Hyd",Specialty Biotech,"Veterinary vaccines (FMD, PPR, Blue Tongue)",Rs.100-300Cr,T.G. Venkatesh,CMD,"CMD of TGV Group, but this unit is technical-led",Strong,Certified plants for animal health products,Strong,Hyderabad HQ,Strong,"1.5 billion doses delivered, leaders in veterinary biologics",Moderate,"Large group background, but specific bio-unit is tech-heavy",Strong,Animal health and vaccine indigenization,Strong,Hiring for 5+ technical roles in vaccines/R&D,85,A — Strong Federer,Fit,Large group division that operates as a high-tech manufacturing MSME.,Delivering 1.5 billion doses of veterinary vaccines worldwide is a testament to the manufacturing scale and quality at Brilliant.
Clonz Biotech,clonzbio.com,"Genome Valley, Hyd",Specialty Biotech,Monoclonal antibodies (MABs) biosimilars,<Rs.30Cr,Kiranam Chatti,Co-Founder,Experienced team in biosimilar research,Strong,Dedicated facility in Genome Valley,Strong,Hyderabad-headquartered biotech,Strong,Pipeline of MABs in oncology and autoimmune areas,Strong,Led by recognized leaders in biosimilar research,Strong,Global shift towards affordable biosimilars,Strong,Hiring fresh PhDs and postgraduates for biosimilar projects,100,A — Strong Federer,Strong Fit,Deep technical moat in the high-stakes biosimilars arena.,Your focus on developing monoclonal antibodies in Genome Valley is a critical contribution to global affordable healthcare.
Aktinos Pharma,aktinospharma.com,"Madhapur, Hyd",Custom Synthesis,Complex APIs and pharma intermediates,Rs.100-300Cr,Murali Krishna Madala,Managing Director,Pharmaceutical manufacturing veteran,Strong,"Plant in Bollaram, Sangareddy",Strong,Hyderabad HQ and manufacturing,Strong,Validated R&D unit recognized by DSIR,Moderate,Experienced promoter in pharma ops,Strong,China+1 API shifts to India,Strong,"Massive EBITDA jump in FY24, expansion at Bollaram",90,A — Strong Federer,Strong Fit,High-growth API manufacturer with strong R&D credentials.,The 1675% EBITDA jump in FY24 is incredible; clearly your Bollaram unit expansion is yielding significant operational results.
Provis Biolabs,provisbiolabs.com,"ALEAP, Hyd",Specialty Biotech,Animal-origin-free bioreagents and enzymes,<Rs.30Cr,Balareddy Bheemareddy,Founder,Technical biotech entrepreneur,Strong,Manufacturing at ALEAP Industrial Estate,Strong,Hyderabad-headquartered,Strong,Focus on niche animal-origin-free reagents,Strong,Founder-led specialized biotech,Strong,Ethical and clean-label biologics demand,Moderate,Active in specialized bioreagent development,95,A — Strong Federer,Fit,"Niche manufacturer solving an ""ethical supply"" problem in biopharma.",Being one of the few focused on animal-origin-free bioreagents gives Provis a unique edge in the ethical biopharma supply chain.
Sapien Bio,sapienbio.co.in,Hyderabad,Specialty Diagnostics,Bio-banking and personalized medicine tools,Rs.30-100Cr,Sreevatsa Natarajan,CEO,Experienced life science executive,Moderate,JV model for diagnostics tools,Strong,Hyderabad-based,Strong,Niche bio-banking and translational tools,Moderate,Managed by professionals,Strong,Personalized medicine and genomics growth,Moderate,Active in clinical research integration,80,A — Strong Federer,Fit,Unique model integrating bio-banking with specialty diagnostics.,Your unique model of integrating bio-banking with clinical research offers a powerful platform for personalized medicine.
Standard Reagents,standardreagents.com,Hyderabad,Performance Chemicals,HPLC/GC grade solvents and reagents,Rs.30-100Cr,Srinivas Makala,Founder,Technical chemist,Strong,ISO-certified lab in Hyderabad,Strong,India HQ,Moderate,High-purity solvent purification,Moderate,Technical promoter led,Strong,Growing Indian analytical services sector,Moderate,Steady growth in specialty chemicals,80,A — Strong Federer,Probable Federer,Reliable supplier in the high-purity chemical supply chain.,"I noticed your expansion into LC/MS grade solvents, a critical niche for high-precision analytical labs."
Unique Biotech,uniquebiotech.com,Hyderabad,Specialty Biotech,Probiotics and synbiotics,Rs.100-300Cr,Sudha Sai,MD,Technical expert in probiotics,Strong,World-class fermentation facility,Strong,Hyderabad HQ,Strong,Patent-pending probiotic strains,Strong,Scientist-led organization,Strong,Global probiotic and gut health tailwinds,Strong,Expanding into international markets,100,A — Strong Federer,Strong Fit,Global leader in probiotic manufacturing based in Hyderabad.,Your leadership in building a world-class probiotic fermentation facility in India is a major win for the bio-manufacturing sector.
Promea Therapeutics,promea.in,Hyderabad,Specialty Diagnostics,IVD diagnostic platforms and medical devices,Rs.30-100Cr,Satish Prasad,Director,Technical medical device leader,Strong,"New unit at Medical Device Park, Sultanpur",Strong,Hyderabad-headquartered,Strong,Proprietary IVD platforms,Moderate,Experienced director,Strong,"""Make in India"" med-tech focus",Strong,Expansion at the new Medical Device Park,90,A — Strong Federer,Fit,Growing player in the critical indigenous medical devices sector.,Establishing your R&D center at the Sultanpur Medical Device Park is a strong signal of your commitment to local innovation.
Reagene Innovations,reageneinnovations.com,Hyderabad,Specialty Diagnostics,Disease models and translational assays,<Rs.30Cr,Dr. Uday Saxena,Co-Founder,"PhD, global biopharma veteran",Moderate,R&D-heavy assay development,Strong,Hyderabad-based,Strong,3D-bioprinted human tissue models,Strong,Co-founded by global scientific leaders,Strong,Alternative to animal testing tailwind,Strong,Deep-tech health innovations,95,A — Strong Federer,Strong Fit,Cutting-edge technical moat in next-gen disease modeling.,Your work on 3D-bioprinted human tissue models for drug testing is at the absolute cutting edge of translational biotech.
Viruj Pharma,virujgroup.com,Hyderabad,Custom Synthesis,Speciality pharmaceutical intermediates,Rs.30-100Cr,Technical MD,Managing Director,Experienced in chemistry,Strong,Multiple manufacturing locations in Hyd,Strong,Hyderabad HQ,Strong,Niche chemistry for pharma intermediates,Moderate,Technical leadership,Strong,China+1 pharma supply chain shift,Strong,Active hiring for chemists in Hyderabad,90,A — Strong Federer,Fit,Capable MSME API manufacturer with active growth signals.,I noticed your active recruitment for Junior Chemists; clearly your intermediate production in Hyderabad is scaling up.
Etico Lifesciences,eticolifesciences.com,"ALEAP, Hyd",Specialty Manufacturing,Pharmaceutical formulation and tech transfer,<Rs.30Cr,Technical Founder,Founder,Experienced in formulations,Strong,Lab and manufacturing at ALEAP,Strong,Hyderabad HQ,Strong,Technical tech-transfer and formulation niche,Moderate,Professional technical team,Strong,Growing domestic and export formulation needs,Moderate,Steady growth in technical services,80,A — Strong Federer,Fit,Small but highly technical player in formulation development.,"Being based in the ALEAP Industrial Estate, your focus on specialized formulation technologies fills a vital market gap."
BioServe Biotech,bioserve.in,Hyderabad,Specialty Diagnostics,Molecular biology and genomics tools,Rs.30-100Cr,Technical MD,MD,Genomics expert,Moderate,R&D tools and services manufacturing,Strong,Hyderabad HQ,Strong,Specialized in high-throughput genomics,Moderate,Managed by PhDs/Engineers,Strong,Booming genomics and molecular biology market,Moderate,Consistent R&D signals in Hyderabad,80,A — Strong Federer,Fit,Specialized provider for the high-end genomics research market.,Your high-throughput genomics facility is a critical asset for the accelerating molecular biology research in Genome Valley.
Alphamed Formulations,alphamed.in,"Shamirpet, Hyd",Specialty Manufacturing,Pellets and granules for pharma,Rs.100-300Cr,Technical MD,MD,Formulation technocrat,Strong,"Plant at Shamirpet, Hyderabad",Strong,Hyderabad HQ,Strong,Specialized pelletization technology,Moderate,Technical management,Strong,Growing demand for specialty formulations,Moderate,Consistent operational growth,85,A — Strong Federer,Fit,Specialist in complex dosage forms like pellets and granules.,Your mastery of pelletization technology makes Alphamed a key partner for global pharma majors seeking complex dosage forms.
